year;state;medicaid_federal;medicaid_total;all_spending_federal;all_spending_total;medicaid_state;all_spending_state
2008;Alabama;2899;4400;6291;19840;1501;13549
2008;Alaska;612;971;2314;11656;359;9342
2008;Arizona;3815;5646;7820;25247;1831;17427
2008;Arkansas;2494;3431;4806;16899;937;12093
2008;California;24857;38291;56211;194276;13434;138065
2008;Colorado;1720.625;3625.829;4738.747;25128.007;1905.204;20389.26
2008;Connecticut;0;4265;2116.958556;24270.8291919999;4265;22153.8706359999
2008;Delaware;497;991;1113;8621;494;7508
2008;Florida;8114;14922;18754;64379;6808;45625
2008;Georgia;4488;7251;10267.9;38493.8;2763;28225.9
2008;Hawaii;740;1245;1760;11160;505;9400
2008;Idaho;847.5;1301.2;2005.3;5932.7;453.7;3927.4
2008;Illinois;6495.65713;13823.35620648;11072.64455392;44565.51106187;7327.69907648;33492.86650795
2008;Indiana;3335;5252;7818;24239;1917;16421
2008;Iowa;1641;2892;4565;16129;1251;11564
2008;Kansas;1395;2372;3522;12689;977;9167
2008;Kentucky;3362;4905;6720;22995;1543;16275
2008;Louisiana;4278;5780;12882.602;28887.625;1502;16005.023
2008;Maine;1319;2047;2182;7427;728;5245
2008;Maryland;2828;5625;6561;30408;2797;23847
2008;Massachusetts;0;8246.6;2525.3;43806.4;8246.6;41281.1
2008;Michigan;5680;9750;12659.9;43981.8;4070;31321.9
2008;Minnesota;3252;6440;6264;28446;3188;22182
2008;Mississippi;2628.7;3492;6434.4;15539.8;863.3;9105.4
2008;Missouri;3005;6667;5632;21432;3662;15800
2008;Montana;530.6;752.1;1645.6;5356.6;221.5;3711
2008;Nebraska;890;1544;2411;8711;654;6300
2008;Nevada;684.4;1139.072721;1779.70719027;9239.41489534;454.672721;7459.70770507
2008;New Hampshire;615;1250;1498;4807;635;3309
2008;New Jersey;4640;9508;8851;48704;4868;39853
2008;New Mexico;2127;2974;4506;14207;847;9701
2008;New York;19102.024;31040.404;34679.804;116055.696;11938.38;81375.892
2008;North Carolina;6395;10994;10914;41588;4599;30674
2008;North Dakota;352;544;1241;3597;192;2356
2008;Ohio;2480;13164;9655;56763;10684;47108
2008;Oklahoma;2354;3643;9030.1;20729.5;1289;11699.4
2008;Oregon;1902;3097;4625;22174;1195;17549
2008;Pennsylvania;9596;17785;18037;58696;8189;40659
2008;Puerto Rico;;0;0;0;;0
2008;Rhode Island;933;1837;1939.1;7118.1;904;5179
2008;South Carolina;3006;4383;6654;20787;1377;14133
2008;South Dakota;440;701;1182.1;3217.3;261;2035.2
2008;Tennessee;4675;7497;9343;26033;2822;16690
2008;Texas;3607;6227;25023;81097;2620;56074
2008;Utah;1059;1578;2503;11323;519;8820
2008;Vermont;595.197372237657;1003.19737223766;1312;5308;408;3996
2008;Virginia;2586.630815;5342.630887;6342.082735;35330.009512;2756.000072;28987.926777
2008;Washington;3219;6223;6678;31731.8;3004;25053.8
2008;West Virginia;1633;2261;3287;18710;628;15423
2008;Wisconsin;2896.249;4863.502;7534.33;36089.01;1967.253;28554.68
2008;Wyoming;257;504;476;4958;247;4482
2009;Alabama;3567;5048;7246;19737;1481;12491
2009;Alaska;682;1018;3007;12582;336;9575
2009;Arizona;5971;7972;10240;27229;2001;16989
2009;Arkansas;2625;3577;5425;18193;952;12768
2009;California;27990;40235;73090;195476;12245;122386
2009;Colorado;2176.102;4052.364;6446.807;28805.63;1876.262;22358.823
2009;Connecticut;0;5382;1859.9;19298;5382;17438.1
2009;Delaware;539;1077;1256;8741;538;7485
2009;Florida;9891.817187;16201.582395;19724.621774;60673.540699;6309.765208;40948.918925
2009;Georgia;5365;7619;11472.612;40182.732;2254;28710.12
2009;Hawaii;884;1331;1919;11822;447;9903
2009;Idaho;1013;1441;2305;6316;428;4011
2009;Illinois;7563;14348;14262;57740;6785;43478
2009;Indiana;3986;5595;9060;25719;1609;16659
2009;Iowa;1889;3132;5201;17477;1243;12276
2009;Kansas;1522;2423;3795;13960;901;10165
2009;Kentucky;4045;5402;8233;24060;1357;15827
2009;Louisiana;4793;6169;10996.19;28043.722;1376;17047.532
2009;Maine;1734;2416;2778;8092;682;5314
2009;Maryland;3545.998679;6161.29708;7758.88788162;31932.51960538;2615.298401;24173.63172376
2009;Massachusetts;0;8679.4;3304.501;46383.093;8679.4;43078.592
2009;Michigan;7359;10542;17073.5;45824.9;3183;28751.4
2009;Minnesota;4118;7164;7563;29898;3046;22335
2009;Mississippi;3256.3;4307.7;7794.3;17382.2;1051.4;9587.9
2009;Missouri;5603;8618.3;8484;24226.8;3015.3;15742.8
2009;Montana;642.3;841.3;1826.6;5525.2;199;3698.6
2009;Nebraska;1009;1608;2566;9153;599;6587
2009;Nevada;856.3;1521;2525;9492;664.7;6967
2009;New Hampshire;706;1318;1680;4976;612;3296
2009;New Jersey;5323;9386;11384;47287;4063;35903
2009;New Mexico;2430;3186;4843;15379;756;10536
2009;New York;21303;32428;34668;121572;11125;86904
2009;North Carolina;7690;11819;15108.1;47316.5;4129;32208.4
2009;North Dakota;384;554;1362;3941;170;2579
2009;Ohio;1463.743235;11879.827944;11461.962489;57793.580233;10416.084709;46331.617744
2009;Oklahoma;2432;3831;9708;21635;1399;11927
2009;Oregon;2425;3505;5914;24523;1080;18609
2009;Pennsylvania;11212;18948;20825;62644;7736;41819
2009;Puerto Rico;;0;0;0;;0
2009;Rhode Island;1100;1831;2271;7354;731;5083
2009;South Carolina;3354;4577;7068;20766;1223;13698
2009;South Dakota;529;768;1397;3549;239;2152
2009;Tennessee;4514;7389;11032;29072;2875;18040
2009;Texas;14135;21016;32728;92296.2;6881;59568.2
2009;Utah;1215;1723;2963;11559;508;8596
2009;Vermont;707;1101;1475;4319;394;2844
2009;Virginia;3175.65781;6078.295363;6771.508411;36963.325698;2902.637553;30191.817287
2009;Washington;3633;7223;8146;33714;3590;25568
2009;West Virginia;1885;2433;3824;20447;548;16623
2009;Wisconsin;3920.16;6048.6698;9709.39;38442.86;2128.5098;28733.47
2009;Wyoming;317;537;1426;6640;220;5214
2010;Alabama;3957;5394;8662;20604;1437;11942
2010;Alaska;823;1171;2925;9761;348;6836
2010;Arizona;5608;7663;10626;27946;2055;17320
2010;Arkansas;3209;3990;6894;19922;781;13028
2010;California;28075;39151;89088;206089;11076;117001
2010;Colorado;2532.885;4767.783;9223.21;31064.543;2234.898;21841.333
2010;Connecticut;0;5000;2482.4;24359.7;5000;21877.3
2010;Delaware;777;1258;1607;8720;481;7113
2010;Florida;12189;17919;28958;62050;5730;33092
2010;Georgia;5832;7884;14641;40747.2;2052;26106.2
2010;Hawaii;957;1456;2391;10948;499;8557
2010;Idaho;1069;1468;2573;6393;399;3820
2010;Illinois;8396.9965205;14294.50734635;12083.38308162;49315.02798593;5897.51082585;37231.64490431
2010;Indiana;4554;6172;10333;26656;1618;16323
2010;Iowa;2165;3289;6174;17637;1124;11463
2010;Kansas;1860;2643;4532;14044;783;9512
2010;Kentucky;4499.2;5692.7;10476.6;25940.6;1193.5;15464
2010;Louisiana;5634;6835;11859;31684;1201;19825
2010;Maine;1801;2363;3151;8351;562;5200
2010;Maryland;4185.442247;6739.442247;9825;33159.1;2554;23334.1
2010;Massachusetts;5721;9288;12480.699;51278.099;3567;38797.4
2010;Michigan;8434.6;11569.1;19541.7;47758;3134.5;28216.3
2010;Minnesota;4748;7560;9370;29950;2812;20580
2010;Mississippi;3199.4;4186.8;12109.1;22758.3;987.4;10649.2
2010;Missouri;4019.4;7362.7;8743.1;23391;3343.3;14647.9
2010;Montana;728;930;2285;6049;202;3764
2010;Nebraska;1095;1649;2973;9606;554;6633
2010;Nevada;944;1475;2792;8284;531;5492
2010;New Hampshire;797;1362;2074;5468;565;3394
2010;New Jersey;6315;10569;13058;48520;4254;35462
2010;New Mexico;2705;3362;5502;15373;657;9871
2010;New York;26057;37025;40834;128937;10968;88103
2010;North Carolina;8113;11796;17163;48747;3683;31584
2010;North Dakota;467;662;1857;4866.3;195;3009.3
2010;Ohio;3024;12293;14237;57630;9269;43393
2010;Oklahoma;3141;4308;9356;20874;1167;11518
2010;Oregon;3037;4249;8378;32547;1212;24169
2010;Pennsylvania;12678;20151;27669;68091;7473;40422
2010;Puerto Rico;;0;0;0;;0
2010;Rhode Island;1234;1956;2813;7813;722;5000
2010;South Carolina;3521;4596;7691;19702;1075;12011
2010;South Dakota;604;829;1726;3834;225;2108
2010;Tennessee;6227;8181;12951;28449;1954;15498
2010;Texas;15269;21689;36672.832;92055.832;6420;55383
2010;Utah;1370;1784;3607;12598;414;8991
2010;Vermont;834;1210;1865;4667;376;2802
2010;Virginia;3963;6553;9327.5;40774.4;2590;31446.9
2010;Washington;3870;7732;9238;33587;3862;24349
2010;West Virginia;2100;2563;4475;20378;463;15903
2010;Wisconsin;4742.15;6800.17;11531.43;40085.85;2058.02;28554.42
2010;Wyoming;347;559;1430;7657;212;6227
2011;Alabama;3857;5244;10252;24139;1387;13887
2011;Alaska;889;1361;3173;13992;472;10819
2011;Arizona;7195;9539;14971;30733;2344;15762
2011;Arkansas;3283;4180;6819;20347;897;13528
2011;California;30746;51503;84764;215745;20757;130981
2011;Colorado;2804.488;5510.703;8892.713;30917.272;2706.215;22024.559
2011;Connecticut;0;5595;2701;26174.5;5595;23473.5
2011;Delaware;846;1364;1849;8412;518;6563
2011;Florida;12359;19101;29403;65461;6742;36058
2011;Georgia;5779.29;8227.66;13272.8;40824.7;2448.37;27551.9
2011;Hawaii;1145;1751;2554;11221;606;8667
2011;Idaho;1279;1883;2670;6603;604;3933
2011;Illinois;9006.4724065;16149.56570902;14820.9214065;56389.7544065;7143.09330252;41568.833
2011;Indiana;4879;6603;9952;26437;1724;16485
2011;Iowa;2229;3499;6147;17988;1270;11841
2011;Kansas;1776;2670;4472;14685;894;10213
2011;Kentucky;4537;5808;9763;25432;1271;15669
2011;Louisiana;5220;6884;10969;31200.4;1664;20231.4
2011;Maine;1696;2341;3000;8274;645;5274
2011;Maryland;4468;7522;9951;33840;3054;23889
2011;Massachusetts;6113;10276;13088;55574.5;4163;42486.5
2011;Michigan;8609.5;12075.6;19919.4;48597.8;3466.1;28678.4
2011;Minnesota;4817;7942;9200;31401;3125;22201
2011;Mississippi;3081;4134;8401;18360;1053;9959
2011;Missouri;4018;7640;7805;23102;3622;15297
2011;Montana;741;965;2380;6164;224;3784
2011;Nebraska;1085;1613;3222;9807;528;6585
2011;Nevada;974;1559;2642;8526;585;5884
2011;New Hampshire;791;1373;1929;5340;582;3411
2011;New Jersey;6377;10441;12044;47142;4064;35098
2011;New Mexico;2781;3533.8;6109.9;14346.8;752.8;8236.9
2011;New York;27224;38624;44707;132765;11400;88058
2011;North Carolina;7660;11298;17711;50907;3638;33196
2011;North Dakota;492.7;715.7;1813.478;5017.478;223;3204
2011;Ohio;2720.158952;13360.93879;14552.582471;60314.221029;10640.779838;45761.638558
2011;Oklahoma;3126;4788;7592;21165;1662;13573
2011;Oregon;3003;4453;8628;33471.3;1450;24843.3
2011;Pennsylvania;14182;21975;29511;69147;7793;39636
2011;Puerto Rico;;0;0;0;;0
2011;Rhode Island;1248;2070;2748.8;7963.6;822;5214.8
2011;South Carolina;4248;5465;9821;22188;1217;12367
2011;South Dakota;567;800;1679;3870;233;2191
2011;Tennessee;6391;8968;13578;30228;2577;16650
2011;Texas;18551.010201;28185.494708;35606.15237;94119.026519;9634.484507;58512.874149
2011;Utah;1405;1973;3579;12688;568;9109
2011;Vermont;825;1241;1966;4860;416;2894
2011;Virginia;4197;7173.7;9832.4;42470;2976.7;32637.6
2011;Washington;3943;7909;8989;33621;3966;24632
2011;West Virginia;2187;2731;4460;21198;544;16738
2011;Wisconsin;5043.83;7412.79;12236;42843.79;2368.96;30607.79
2011;Wyoming;336;553;1547;6033;217;4486
2012;Alabama;3795;5627;9439;24598;1832;15159
2012;Alaska;798;1369;3017;11789;571;8772
2012;Arizona;5781.728999;8435.590882;12298.528999;28080.640882;2653.861883;15782.111883
2012;Arkansas;3142;4424;6278;20688;1282;14410
2012;California;26446;43052;73062.68;199424.26;16606;126361.58
2012;Colorado;2591.373;5970.797;7691.245;28776.838;3379.424;21085.593
2012;Connecticut;0;5887;2631;27507.87;5887;24876.87
2012;Delaware;784;1421;1777;8942;637;7165
2012;Florida;10929;19269;24570;62990;8340;38420
2012;Georgia;5599;8575;12469.2;41143.9;2976;28674.7
2012;Hawaii;807;1413;1932;11494;606;9562
2012;Idaho;1063;1704;2382.7;6268.7;641;3886
2012;Illinois;6188.70217;12950.61317463;14006.67814;59846.26458463;6761.91100463;45839.58644463
2012;Indiana;4716;7178;9272;26195;2462;16923
2012;Iowa;2068;3704;6551;18862;1636;12311
2012;Kansas;1510;2683;4153;14396;1173;10243
2012;Kentucky;4090;5782;8687;25649;1692;16962
2012;Louisiana;4474;6351;10616;27088.4;1877;16472.4
2012;Maine;1443;2334;2649.2;8106.2;891;5457
2012;Maryland;3616.599739;7182.599739;9058;34872;3566;25814
2012;Massachusetts;6752;10431;16157;57112;3679;40955
2012;Michigan;8198.1;12537.4;17549.4;47286.5;4339.3;29737.1
2012;Minnesota;4422;8653;8170;30214;4231;22044
2012;Mississippi;3181.6;4304.9;7589.6;18033.8;1123.3;10444.2
2012;Missouri;4245;8188;7539;23364;3943;15825
2012;Montana;675;996;2131;5919;321;3788
2012;Nebraska;934.5;1647.8;2988.3;9876.7;713.3;6888.4
2012;Nevada;1008;1935;2554;7622;927;5068
2012;New Hampshire;584;1187;1650;4976;603;3326
2012;New Jersey;5667;10518;10998;48646;4851;37648
2012;New Mexico;2562.2;3640.1;5790.1;14374.6;1077.9;8584.5
2012;New York;24478;39257;40311;133504;14779;93193
2012;North Carolina;7535;12224;14513;49922;4689;35409
2012;North Dakota;419;730;1884;6020;311;4136
2012;Ohio;4268.8;16745.5;13143.9;57921.186;12476.7;44777.286
2012;Oklahoma;2924;4734;7122;20931;1810;13809
2012;Oregon;3094;4911;7753;27013.4;1817;19260.4
2012;Pennsylvania;12245;22229;24177;66948;9984;42771
2012;Puerto Rico;;0;0;0;;0
2012;Rhode Island;995;1924;2599;7906.7;929;5307.7
2012;South Carolina;3426;4785;9284;22088;1359;12804
2012;South Dakota;487;774;1507;3688;287;2181
2012;Tennessee;6007;9333;12806;30419;3326;17613
2012;Texas;16987;29327;32324;93067;12340;60743
2012;Utah;1356;2065;3588;11822;709;8234
2012;Vermont;716;1267;1831;5017;551;3186
2012;Virginia;3464.6;7033.4;9212.3;43373;3568.8;34160.7
2012;Washington;2162;4224;8049;33175;2062;25126
2012;West Virginia;1978;2764;4064;21897;786;17833
2012;Wisconsin;4069.5;6820.7;10571.6;41323.4;2751.2;30751.8
2012;Wyoming;294;572;1547;5750;278;4203
2013;Alabama;3820;5586;9488;24535;1766;15047
2013;Alaska;817;1388;2589;12022;571;9433
2013;Arizona;5756.362387;8431.514187;12008;27560.298;2675.1518;15552.298
2013;Arkansas;3180.4;4511.8;6068;21447.2;1331.4;15379.2
2013;California;25715;46399;70431;211432;20684;141001
2013;Colorado;2805;6385;7423;30111;3580;22688
2013;Connecticut;0;6202;2595;27768.87;6202;25173.87
2013;Delaware;870;1577;1783;9162;707;7379
2013;Florida;11823;20333;24160;63971;8510;39811
2013;Georgia;5914;9032;13046;42443.8;3118;29397.8
2013;Hawaii;877;1673;1912;11584;796;9672
2013;Idaho;1241;1876;2647;6690;635;4043
2013;Illinois;7464;15372.76206647;12918.060817;58172.04402147;7908.76206647;45253.98320447
2013;Indiana;5950;8789;10357;28171;2839;17814
2013;Iowa;2140;3876;5727;19531;1736;13804
2013;Kansas;1425;2583;3890;13969;1158;10079
2013;Kentucky;3923;5626;8001;25673;1703;17672
2013;Louisiana;4721;6850;9520;28083;2129;18563
2013;Maine;1516.8;2509.1;2562.8;7679;992.3;5116.2
2013;Maryland;3893.007891;7625.007891;9184;36287;3732;27103
2013;Massachusetts;4883.5159898;11115.63671419;8079.0140878;54635.38418219;6232.12072439;46556.37009439
2013;Michigan;8194.4;12515;17423.3;47396.5;4320.6;29973.2
2013;Minnesota;4293;8551;8344.857;31521.606;4258;23176.749
2013;Mississippi;3627;4834;8141;19195.3;1207;11054.3
2013;Missouri;4112.41943846;8037.85727811;7208.91943846;22942.25727811;3925.43783965;15733.33783965
2013;Montana;736;1081;2115;6040;345;3925
2013;Nebraska;1002.7;1821.4;3014;10162.8;818.7;7148.8
2013;Nevada;1043;1773;2796;8651;730;5855
2013;New Hampshire;605;1285;1604;5017;680;3413
2013;New Jersey;5546;10356;12041;50804;4810;38763
2013;New Mexico;2559.7;3677.1;5799;14695.5;1117.4;8896.5
2013;New York;23421;38792;38574;133097;15371;94523
2013;North Carolina;7719.7;12643;12637.5;42858.4;4923.3;30220.9
2013;North Dakota;421;782;1536;5712;361;4176
2013;Ohio;4101.884475;17010.376553;12647.136588;58268.194251;12908.492078;45621.057663
2013;Oklahoma;2931;4920;6653;21430;1989;14777
2013;Oregon;3476;5510;7451;25803;2034;18352
2013;Pennsylvania;12245;22229;24614;69101;9984;44487
2013;Puerto Rico;;0;0;0;;0
2013;Rhode Island;1007;1974;2522;8371;967;5849
2013;South Carolina;3519;4890;7800;22208;1371;14408
2013;South Dakota;500;816;1494;4132;316;2638
2013;Tennessee;6121;9399;12532;30491;3278;17959
2013;Texas;17483;29518;37364;100927.902994;12035;63563.902994
2013;Utah;1435;2184;3462;12089;749;8627
2013;Vermont;775;1404;1695;4965;629;3270
2013;Virginia;3772.1;7634.4;9545.7;45736.7;3862.3;36191
2013;Washington;1993;4037;8100;33996;2044;25896
2013;West Virginia;2143;3008;4075;22320;865;18245
2013;Wisconsin;4435.4;7341.2;10815.1;42769.1;2905.8;31954
2013;Wyoming;309;604;2354;9132;295;6778
2014;Alabama;3920;5811;9360;24992;1891;15632
2014;Alaska;817.3030362465;1422.99620961;2705.74;11399.44;605.6931733635;8693.7
2014;Arizona;7115;9330;13488;35911;2215;22423
2014;Arkansas;3802.2;5023.7;6503.3;22763.4;1221.5;16260.1
2014;California;37769;65215;72583;215393;27446;142810
2014;Colorado;3489;7216;7859;31346;3727;23487
2014;Connecticut;2992;6771;5332;28140.5;3779;22808.5
2014;Delaware;1001;1665;1903;9608;664;7705
2014;Florida;12716;21787;24354;68033;9071;43679
2014;Georgia;6236;9375;13184;43445;3139;30261
2014;Hawaii;1112;1956;2170;12607;844;10437
2014;Idaho;1262;1920;2614;6865;658;4251
2014;Illinois;8286.07727252;16092.28961957;13713.07727252;61189.28961957;7806.21234705;47476.21234705
2014;Indiana;6225;8719;9978;27260;2494;17282
2014;Iowa;2390;4251;5928;19531;1861;13603
2014;Kansas;1583;3303;3900;14723;1720;10823
2014;Kentucky;5042;6934;9767;27833;1892;18066
2014;Louisiana;4667.85934;7308.802628;8993.375;27271.595;2640.943288;18278.22
2014;Maine;1767;2780;2697;8088;1013;5391
2014;Maryland;4807;8560;10514;38036;3753;27522
2014;Massachusetts;5542;12044;7926;56329.5680498;6502;48403.5680498
2014;Michigan;9269.8;13688;18152.1;49656;4418.2;31503.9
2014;Minnesota;5143;9750;8938;33451.367;4607;24513.367
2014;Mississippi;3312;4568;7540;18467;1256;10927
2014;Missouri;4243;8299;7208;23158;4056;15950
2014;Montana;714;1055;2149;6188;341;4039
2014;Nebraska;1006.2;1856.9;2911;10540.9;850.7;7629.9
2014;Nevada;1363;2027;2859;9416;664;6557
2014;New Hampshire;660;1326;1701;5146;666;3445
2014;New Jersey;6920;11924;13372;53155;5004;39783
2014;New Mexico;3063;4172;6028.1;16093.3;1109;10065.2
2014;New York;24237;39972;41171;137526;15735;96355
2014;North Carolina;8432.7;13303.1;12774.94;43052.9827;4870.4;30278.0427
2014;North Dakota;421;782;1523;6592;361;5069
2014;Ohio;6317.213884;21940.868774;13045.830026;61221.528009;15623.65489;48175.697983
2014;Oklahoma;3230;5475;7523;22301;2245;14778
2014;Oregon;4623;6756;8101.96716;32383.332757;2133;24281.365597
2014;Pennsylvania;12997;24144;22749;68136;11147;45387
2014;Puerto Rico;;0;0;0;;0
2014;Rhode Island;1190;2219;2676;8944;1029;6268
2014;South Carolina;3909;5428;7542;22040;1519;14498
2014;South Dakota;511;823;1418;4108;312;2690
2014;Tennessee;5869;9392;12200;30702;3523;18502
2014;Texas;19693;33224;38444;112250.2;13531;73806.2
2014;Utah;1593;2381;3497;12184;788;8687
2014;Vermont;797;1411;1760;5271;614;3511
2014;Virginia;3960.577253;7894.608496;9568.128674;45857.164882;3934.031243;36289.036208
2014;Washington;3712;6101;9631;36867;2389;27236
2014;West Virginia;2612;3534;3448;15818;922;12370
2014;Wisconsin;4806;8261;11006;44892;3455;33886
2014;Wyoming;319;611;1343;7546;292;6203
2015;Alabama;4155;6083;9385;25187;1928;15802
2015;Alaska;886.1244;1554.8275;2944.721213;13436.356531;668.7031;10491.635318
2015;Arizona;8109;10981;13156;39287;2872;26131
2015;Arkansas;4765;6253.7;7095.1;23804.7;1488.7;16709.6
2015;California;52656;79612;90049;250344;26956;160295
2015;Colorado;4584;7746;8761;34439;3162;25678
2015;Connecticut;3483;6979;5919;30214.7;3496;24295.7
2015;Delaware;1193;1891;2063;9769;698;7706
2015;Florida;12955;22550;23888;71043;9595;47155
2015;Georgia;6563;9857;13329;45009;3294;31680
2015;Hawaii;1216;1945;2257;12873;729;10616
2015;Idaho;1186;1879;2661.6;7043.6;693;4382
2015;Illinois;9920.79937316;17210.51270877;14365.49937316;64943.41270877;7289.71333561;50577.91333561
2015;Indiana;6476;9162;10305;29342;2686;19037
2015;Iowa;2903;4978;6295;22205;2075;15910
2015;Kansas;1817;3280;3959.8;15089.4;1463;11129.6
2015;Kentucky;7517;9522;11827;30811;2005;18984
2015;Louisiana;4763;7655;8762.251803;27753.855651;2892;18991.603848
2015;Maine;1510;2535;2421;7729;1025;5308
2015;Maryland;5686;9643;11916.872684;39990.888604;3957;28074.01592
2015;Massachusetts;7647;13853;10014;58349;6206;48335
2015;Michigan;11528;16052;20717;53183;4524;32466
2015;Minnesota;6075;10717;9888;35791.48;4642;25903.48
2015;Mississippi;3555.3;4875.8;7753.4;19828.4;1320.5;12075
2015;Missouri;4511;8708;7495.12;24097.77;4197;16602.65
2015;Montana;748;1110;2189;6383;362;4194
2015;Nebraska;968.2;1854.7;2922.7;10980.1;886.5;8057.4
2015;Nevada;2249;2976;3795.4;11686.59;727;7891.19
2015;New Hampshire;936;1617;1935;5452;681;3517
2015;New Jersey;8899;13783;16079;57028;4884;40949
2015;New Mexico;4044;5173;6580;17100;1129;10520
2015;New York;29393;45669;45743;143891;16276;98148
2015;North Carolina;8752;13780.5;13159.33;43796.29;5028.5;30636.96
2015;North Dakota;673;1111;1713;7923;438;6210
2015;Ohio;7540.6;24326.8;13993.965;65096.458;16786.2;51102.493
2015;Oklahoma;3113;5367;7372;22388;2254;15016
2015;Oregon;6494;8441;10023.081955;37338.32605824;1947;27315.24410324
2015;Pennsylvania;13295;25016;25325;72904;11721;47579
2015;Puerto Rico;;0;0;0;;0
2015;Rhode Island;1500;2581;2895;8483;1081;5588
2015;South Carolina;4359;6221;7715;22615;1862;14900
2015;South Dakota;488;845;1356;3991;357;2635
2015;Tennessee;6099;10051;12052;30840;3952;18788
2015;Texas;21403;36519;42237;112598.255;15116;70361.255
2015;Utah;1586;2440;3497;12866;854;9369
2015;Vermont;923;1551;1939;5433;628;3494
2015;Virginia;4123.4;8237.28;9705.93;47051.8;4113.88;37345.87
2015;Washington;5401;8125;11501;40082;2724;28581
2015;West Virginia;2610;3530;4306;15948;920;11642
2015;Wisconsin;4968.8;8880.1;11063.2;46083.1;3911.3;35019.9
2015;Wyoming;286;568;978;5116;282;4138
2016;Alabama;4393;6354;9635;25838;1961;16203
2016;Alaska;1066.3819;1702.5728;3277.197749;10031.970628;636.1909;6754.772879
2016;Arizona;8690;11521;14167;39682;2831;25515
2016;Arkansas;5077;6555.7;7397.7;23960.524;1478.7;16562.824
2016;California;53337;81660;90690;250899;28323;160209
2016;Colorado;5382;8985;9517;36727;3603;27210
2016;Connecticut;3604;7216;6216;31842;3612;25626
2016;Delaware;1281;2048;2151;10236;767;8085
2016;Florida;13539;23273;25306;72319;9734;47013
2016;Georgia;6623;9924;13896;47534;3301;33638
2016;Hawaii;1497;2272;2563;13836;775;11273
2016;Idaho;1203;1937;2686;7334.9;734;4648.9
2016;Illinois;10706.46750794;16022.32792576;15742.76750794;54346.42792576;5315.86041782;38603.66041782
2016;Indiana;8553;11271;12448;31406;2718;18958
2016;Iowa;2997;5262;6328;23094;2265;16766
2016;Kansas;1815;3217;3635.1;15123.5;1402;11488.4
2016;Kentucky;7805;9893;12182;32699;2088;20517
2016;Louisiana;5220;8030;9256.252336;27736.415984;2810;18480.163648
2016;Maine;1605;2655;2536;8040;1050;5504
2016;Maryland;6031;9893;12034;40779;3862;28745
2016;Massachusetts;8623;15142;11047;61285;6519;50238
2016;Michigan;12220;16928;20872;54413;4708;33541
2016;Minnesota;6444;11194;10317;36798.096;4750;26481.096
2016;Mississippi;3800.8;5153;7865.8;19766.6;1352.2;11900.8
2016;Missouri;4730;9153;7676.78;24628.36;4423;16951.58
2016;Montana;909.30494399;1295.87236991;2370.29456394;6384.35804725;386.56742592;4014.06348331
2016;Nebraska;1027.4;1983.9;2988.8;11609.6;956.5;8620.8
2016;Nevada;2476;3226;4651.4;12917.9;750;8266.5
2016;New Hampshire;1197;1958;2158;5834;761;3676
2016;New Jersey;9109;14158;14354;56540;5049;42186
2016;New Mexico;4225;5412;7375;18083;1187;10708
2016;New York;31226;48095;49476;150707;16869;101231
2016;North Carolina;8771.2;13771;13007.42;44439.283;4999.8;31431.863
2016;North Dakota;730;1146;1607;7459;416;5852
2016;Ohio;6016.9;25440.5;12449.9;67450.6;19423.6;55000.7
2016;Oklahoma;3151;5340;7656;22719;2189;15063
2016;Oregon;6419;8302;10317.109216;37266.67497408;1883;26949.56575808
2016;Pennsylvania;15961;27908;27073;76354;11947;49281
2016;Puerto Rico;;0;0;0;;0
2016;Rhode Island;1497;2570;2877;8627;1073;5750
2016;South Carolina;4396;6259;7614;22948;1863;15334
2016;South Dakota;485;860;1371;4172;375;2801
2016;Tennessee;6859;10978;12567;31933;4119;19366
2016;Texas;23696;41474;45913;122754.425;17778;76841.425
2016;Utah;1655;2548;3582;13643;893;10061
2016;Vermont;971;1639;1992;5562;668;3570
2016;Virginia;4316.93630352;8869.58599787;9837.99718747;49089.9167517499;4552.64969435;39251.9195642799
2016;Washington;5296;7574;11807;41779;2278;29972
2016;West Virginia;2610;3530;4506;16172;920;11666
2016;Wisconsin;4957.04;9180.39;10759.4;45730.3;4223.35;34970.9
2016;Wyoming;295;585;978;5116;290;4138
2017;Alabama;4637;6611;9911;26174;1974;16263
2017;Alaska;1386.8675;1994.7487;3830.016556;10090.562524;607.8812;6260.545968
2017;Arizona;9039;11849;14924;41444;2810;26520
2017;Arkansas;5535;7166;7697.4;24538.5;1631;16841.1
2017;California;55413;90159;96195;270532;34746;174337
2017;Colorado;5064;8629;9121;33946;3565;24825
2017;Connecticut;3536;7283;6153;30859;3747;24706
2017;Delaware;1251;2059;2171;10675;808;8504
2017;Florida;15018;25758;26777;82285;10740;55508
2017;Georgia;6652;10221;13677;49234;3569;35557
2017;Hawaii;1611;2481;2571;14666;870;12095
2017;Idaho;1245;1992;3003.5;8803.5;747;5800
2017;Illinois;11568.00426774;20239.847;16386.70426774;67216.147;8671.84273226;50829.44273226
2017;Indiana;8701;11560;12580;32122;2859;19542
2017;Iowa;2813;5019;6664;23145;2206;16481
2017;Kansas;1801;3200;3834.3;15964.4;1399;12130.1
2017;Kentucky;7695;9894;12353;33750;2199;21397
2017;Louisiana;7283;10284;12255.185562;32043.965156;3001;19788.779594
2017;Maine;1638;2656;2603;8251;1018;5648
2017;Maryland;6834;11200;12876;41381;4366;28505
2017;Massachusetts;9081;15516;11490;61964;6435;50474
2017;Michigan;12393;17214;22874;54543;4821;31669
2017;Minnesota;6391;11133;10868;39391.775;4742;28523.775
2017;Mississippi;3974.6;5260.7;9195;22377;1286.1;13182
2017;Missouri;5177;9701;8186.12;25549.12;4524;17363
2017;Montana;1340;1758;2810;6957;418;4147
2017;Nebraska;1052.4;2071.2;3029.6;11866.1;1018.8;8836.5
2017;Nevada;2805;3671;4475.8;13658.07;866;9182.27
2017;New Hampshire;1300;2125;2221;5993;825;3772
2017;New Jersey;9577;14642;16143;60444;5065;44301
2017;New Mexico;4373;5570;7635;18430;1197;10795
2017;New York;33672;51178;52985;157014;17506;104029
2017;North Carolina;9022;14171;13274;46670.864;5149;33396.864
2017;North Dakota;842;1371;1886;7226;529;5340
2017;Ohio;5940;25661.4;12528;68273.3;19721.4;55745.3
2017;Oklahoma;3143;5327;7144;23278;2184;16134
2017;Oregon;6671;9428;10189.386242;40003.73191661;2757;29814.34567461
2017;Pennsylvania;18663;31343;29406;80793;12680;51387
2017;Puerto Rico;;0;0;0;;0
2017;Rhode Island;1613;2728;3185;9305;1115;6120
2017;South Carolina;4615;6556;8184;24573;1941;16389
2017;South Dakota;527;894;1419;4229;367;2810
2017;Tennessee;6881;10996;13420;33745;4115;20325
2017;Texas;22558;40087;46870;126392.32;17529;79522.32
2017;Utah;1813;2787;4312;14865;974;10553
2017;Vermont;919;1598;1914;5557;679;3643
2017;Virginia;4609.60977933;9380.63400298;10308.45988114;50302.24768333;4771.02422365;39993.78780219
2017;Washington;5569;8263;12034;44328;2694;32294
2017;West Virginia;2618;3548;4406;16006;930;11600
2017;Wisconsin;5164.77;9510.7;10992.8;46991.6;4345.93;35998.8
2017;Wyoming;303;601;1008;5042;298;4034
